Player,Age,Team,Pos,G,GS,Tgt,Rec,Yds,Y/R,TD,1D,Succ%,Lng,R/G,Y/G,Ctch%,Y/Tgt,Fmb,Awards,-9999
Ja'Marr Chase,24,CIN,WR,17,16,175,127,1708,13.4,17,75,62.3,70,7.5,100.5,72.6,9.8,0,PBAP-1AP MVP-8AP OPoY-3,ChasJa00
Amon-Ra St. Brown,25,DET,WR,17,17,141,115,1263,11,12,73,70.2,66,6.8,74.3,81.6,9,1,PBAP-1AP OPoY-11,StxxAm00
Brock Bowers,22,LVR,TE,17,16,153,112,1194,10.7,5,61,60.8,57,6.6,70.2,73.2,7.8,0,PBAP-1AP ORoY-2,BoweBr01
Trey McBride,25,ARI,TE,16,16,147,111,1146,10.3,2,63,63.3,37,6.9,71.6,75.5,7.8,0,PB,McBrTr01
Malik Nabers,21,NYG,WR,15,13,170,109,1204,11,7,55,51.2,59,7.3,80.3,64.1,7.1,1,PBAP ORoY-5,NabeMa00
Justin Jefferson,25,MIN,WR,17,17,154,103,1533,14.9,10,62,57.1,97,6.1,90.2,66.9,10,1,PBAP-1AP OPoY-7,JeffJu00
CeeDee Lamb,25,DAL,WR,15,15,152,101,1194,11.8,6,54,50,65,6.7,79.6,66.4,7.9,1,PBAP-2,LambCe00
Garrett Wilson,24,NYJ,WR,17,17,154,101,1104,10.9,7,60,53.9,42,5.9,64.9,65.6,7.2,2,,WilsGa00
Drake London,23,ATL,WR,17,17,158,100,1271,12.7,9,67,56.3,39,5.9,74.8,63.3,8,0,,LondDr00
Jaxon Smith-Njigba,22,SEA,WR,17,16,137,100,1130,11.3,6,57,58.4,46,5.9,66.5,73,8.2,1,PB,SmitJa06
D.J. Moore,27,CHI,WR,17,17,140,98,966,9.9,6,43,47.1,44,5.8,56.8,70,6.9,1,,MoorD.00
Travis Kelce,35,KAN,TE,16,16,133,97,823,8.5,3,47,60.2,38,6.1,51.4,72.9,6.2,2,PB,KelcTr00
Wan'Dale Robinson,23,NYG,WR,17,7,140,93,699,7.5,3,36,42.1,35,5.5,41.1,66.4,5,0,,RobiWa01
Jerry Jeudy,25,CLE,WR,17,16,145,90,1229,13.7,4,57,53.8,89,5.3,72.3,62.1,8.5,0,PB,JeudJe00
Jonnu Smith,29,MIA,TE,17,6,111,88,884,10,8,55,63.1,57,5.2,52,79.3,8,2,PB,SmitJo01
Jakobi Meyers,28,LVR,WR,15,15,129,87,1027,11.8,4,52,55.8,43,5.8,68.5,67.4,8,0,,MeyeJa01
Brian Thomas,22,JAX,WR,17,16,133,87,1282,14.7,10,53,55.6,85,5.1,75.4,65.4,9.6,0,PBAP ORoY-4,ThomBr06
Davante Adams,32,2TM,WR,14,14,141,85,1063,12.5,8,49,46.8,71,6.1,75.9,60.3,7.5,0,,AdamDa01
Ladd McConkey,23,LAC,WR,16,14,112,82,1149,14,7,52,57.1,60,5.1,71.8,73.2,10.3,2,AP ORoY-9,McCoLa00
Terry McLaurin,29,WAS,WR,17,17,117,82,1096,13.4,13,56,58.1,86,4.8,64.5,70.1,9.4,1,PBAP-2,McLaTe00
Tyreek Hill,30,MIA,WR,17,17,123,81,959,11.8,6,54,52,80,4.8,56.4,65.9,7.8,0,,HillTy00
Courtland Sutton,29,DEN,WR,17,13,135,81,1081,13.3,8,57,53.3,47,4.8,63.6,60,8,1,,SuttCo00
Puka Nacua,23,LAR,WR,11,11,106,79,990,12.5,3,47,63.2,51,7.2,90,74.5,9.3,0,,NacuPu00
De'Von Achane,23,MIA,RB,17,16,87,78,592,7.6,6,30,57.5,39,4.6,34.8,89.7,6.8,1,,AchaDe00
George Kittle,31,SFO,TE,15,15,94,78,1106,14.2,8,50,73.4,43,5.2,73.7,83,11.8,0,PBAP-2AP OPoY-11,KittGe00
Jauan Jennings,27,SFO,WR,15,10,113,77,975,12.7,6,47,54.9,45,5.1,65,68.1,8.6,1,,JennJa00
Khalil Shakir,24,BUF,WR,15,9,100,76,821,10.8,4,35,53,52,5.1,54.7,76,8.2,1,,ShakKh00
Mike Evans,31,TAM,WR,14,14,110,74,1004,13.6,11,53,62.7,57,5.3,71.7,67.3,9.1,0,PB,EvanMi00
Zay Flowers,24,BAL,WR,17,15,116,74,1059,14.3,4,48,53.4,53,4.4,62.3,63.8,9.1,0,PB,FlowZa00
Tee Higgins,25,CIN,WR,12,9,109,73,911,12.5,10,48,64.2,42,6.1,75.9,67,8.4,1,,HiggTe00
Josh Downs,23,IND,WR,14,8,107,72,803,11.2,5,40,53.3,69,5.1,57.4,67.3,7.5,0,,DownJo00
Keenan Allen,32,CHI,WR,15,15,121,70,744,10.6,7,43,47.1,45,4.7,49.6,57.9,6.1,1,,AlleKe00
Michael Pittman Jr.,27,IND,WR,16,14,111,69,808,11.7,3,35,50.5,33,4.3,50.5,62.2,7.3,1,,PittMi01
Nico Collins,25,HOU,WR,12,12,99,68,1006,14.8,7,48,56.6,67,5.7,83.8,68.7,10.2,0,PB,CollNi00
Alvin Kamara,29,NOR,RB,14,14,89,68,543,8,2,18,36,57,4.9,38.8,76.4,6.1,1,,KamaAl00
DeVonta Smith,26,PHI,WR,13,13,89,68,833,12.3,8,42,61.8,49,5.2,64.1,76.4,9.4,0,,SmitDe07
A.J. Brown,27,PHI,WR,13,13,97,67,1079,16.1,7,51,62.9,67,5.2,83,69.1,11.1,0,AP-2,BrowAJ00
Cooper Kupp,31,LAR,WR,12,11,100,67,710,10.6,6,28,47,69,5.6,59.2,67,7.1,1,,KuppCo00
Demario Douglas,24,NWE,WR,17,7,87,66,621,9.4,3,31,51.7,36,3.9,36.5,75.9,7.1,1,,DougDe00
Zach Ertz,34,WAS,TE,17,17,91,66,654,9.9,7,38,63.7,37,3.9,38.5,72.5,7.2,1,AP CPoY-17,ErtzZa00
Hunter Henry,30,NWE,TE,16,16,97,66,674,10.2,2,40,56.7,35,4.1,42.1,68,6.9,0,,HenrHu00
D.K. Metcalf,27,SEA,WR,15,12,108,66,992,15,5,35,49.1,71,4.4,66.1,61.1,9.2,2,,MetcDK00
Pat Freiermuth,26,PIT,TE,17,11,78,65,653,10,7,32,62.8,30,3.8,38.4,83.3,8.4,3,,FreiPa00
Mike Gesicki,29,CIN,TE,17,3,83,65,665,10.2,2,38,62.7,47,3.8,39.1,78.3,8,1,,GesiMi00
Darnell Mooney,27,ATL,WR,16,16,106,64,992,15.5,5,48,51.9,49,4,62,60.4,9.4,0,,MoonDa00
David Njoku,28,CLE,TE,11,11,97,64,505,7.9,5,23,39.2,29,5.8,45.9,66,5.2,0,,NjokDa00
Calvin Ridley,30,TEN,WR,17,14,120,64,1017,15.9,4,40,44.2,63,3.8,59.8,53.3,8.5,1,,RidlCa00
Jordan Addison,22,MIN,WR,15,15,99,63,875,13.9,9,39,47.5,69,4.2,58.3,63.6,8.8,0,,AddiJo00
Marvin Harrison Jr.,22,ARI,WR,17,16,116,62,885,14.3,8,43,50,60,3.6,52.1,53.4,7.6,1,,HarrMa09
Ray-Ray McCloud,28,ATL,WR,17,13,87,62,686,11.1,1,29,51.7,60,3.6,40.4,71.3,7.9,4,,McClRa00
Elijah Moore,24,CLE,WR,17,13,102,61,538,8.8,1,25,35.3,44,3.6,31.6,59.8,5.3,0,,MoorEl00
Bijan Robinson,22,ATL,RB,17,17,72,61,431,7.1,1,20,41.7,29,3.6,25.4,84.7,6,1,PB,RobiBi01
Sam LaPorta,23,DET,TE,16,16,83,60,726,12.1,7,39,56.6,52,3.8,45.4,72.3,8.7,0,,LaPoSa01
Jake Ferguson,25,DAL,TE,14,14,86,59,494,8.4,0,18,39.5,27,4.2,35.3,68.6,5.7,4,,FergJa00
Cade Otton,25,TAM,TE,14,14,87,59,600,10.2,4,31,51.7,44,4.2,42.9,67.8,6.9,2,,OttoCa00
George Pickens,23,PIT,WR,14,12,103,59,900,15.3,3,37,44.7,44,4.2,64.3,57.3,8.7,1,,PickGe00
Xavier Worthy,21,KAN,WR,17,13,98,59,638,10.8,6,36,56.1,54,3.5,37.5,60.2,6.5,0,,WortXa00
Jaylen Waddle,26,MIA,WR,15,15,83,58,744,12.8,2,38,54.2,63,3.9,49.6,69.9,9,0,,WaddJa00
Jameson Williams,23,DET,WR,15,11,91,58,1001,17.3,7,41,52.7,82,3.9,66.7,63.7,11,0,AP CPoY-19,WillJa11
Breece Hall,23,NYJ,RB,16,16,76,57,483,8.5,3,15,36.8,57,3.6,30.2,75,6.4,6,,HallBr03
DeAndre Hopkins,32,2TM,WR,16,8,80,56,610,10.9,5,35,60,35,3.5,38.1,70,7.6,1,,HopkDe00
Mark Andrews,29,BAL,TE,17,13,69,55,673,12.2,11,39,68.1,67,3.2,39.6,79.7,9.8,0,AP CPoY-19,AndrMa00
Quentin Johnston,23,LAC,WR,15,11,91,55,711,12.9,8,32,50.5,66,3.7,47.4,60.4,7.8,0,,JohnQu02
Jayden Reed,24,GNB,WR,17,10,75,55,857,15.6,6,29,56,70,3.2,50.4,73.3,11.4,3,,ReedJa03
Chase Brown,24,CIN,RB,16,10,65,54,360,6.7,4,23,52.3,34,3.4,22.5,83.1,5.5,2,,BrowCh10
Rome Odunze,22,CHI,WR,17,12,101,54,734,13.6,3,37,45.5,47,3.2,43.2,53.5,7.3,2,,OdunRo00
Dalton Schultz,28,HOU,TE,17,13,85,53,532,10,2,26,49.4,32,3.1,31.3,62.4,6.3,0,,SchuDa00
Jahmyr Gibbs,22,DET,RB,17,4,63,52,517,9.9,4,25,55.6,54,3.1,30.4,82.5,8.2,1,PBAP OPoY-8,GibbJa01
Chigoziem Okonkwo,25,TEN,TE,17,11,70,52,479,9.2,2,19,55.7,70,3.1,28.2,74.3,6.8,2,,OkonCh00
Javonte Williams,24,DEN,RB,17,11,70,52,346,6.7,0,14,37.1,34,3.1,20.4,74.3,4.9,2,,WillJa10
Tyler Conklin,29,NYJ,TE,16,15,72,51,449,8.8,4,24,52.8,27,3.2,28.1,70.8,6.2,0,,ConkTy00
Tank Dell,25,HOU,WR,14,10,81,51,667,13.1,3,35,53.1,50,3.6,47.6,63,8.2,0,,DellNa00
Aaron Jones,30,MIN,RB,17,17,62,51,408,8,2,20,58.1,25,3,24,82.3,6.6,5,,JoneAa00
Deebo Samuel,28,SFO,WR,15,15,81,51,670,13.1,3,28,40.7,76,3.4,44.7,63,8.3,2,,SamuDe00
Rachaad White,25,TAM,RB,16,15,57,51,393,7.7,6,18,54.4,32,3.2,24.6,89.5,6.9,3,,WhitRa01
Will Dissly,28,LAC,TE,15,8,64,50,481,9.6,2,24,54.7,29,3.3,32.1,78.1,7.5,0,,DissWi00
Chris Godwin,28,TAM,WR,7,7,62,50,576,11.5,5,33,72.6,55,7.1,82.3,80.6,9.3,1,,GodwCh00
Juwan Johnson,28,NOR,TE,17,5,66,50,548,11,3,27,56.1,30,2.9,32.2,75.8,8.3,2,,JohnJu02
Tucker Kraft,24,GNB,TE,17,17,70,50,707,14.1,7,30,58.6,67,2.9,41.6,71.4,10.1,1,,KrafTu00
Xavier Legette,23,CAR,WR,16,13,84,49,497,10.1,4,27,44,35,3.1,31.1,58.3,5.9,0,,LegeXa00
Tyler Lockett,32,SEA,WR,17,14,74,49,600,12.2,2,36,56.8,37,2.9,35.3,66.2,8.1,0,,LockTy00
Jalen Tolbert,25,DAL,WR,17,15,79,49,610,12.4,7,29,51.9,48,2.9,35.9,62,7.7,0,,TolbJa00
Noah Fant,27,SEA,TE,14,9,64,48,500,10.4,1,25,57.8,32,3.4,35.7,75,7.8,0,,FantNo00
Adam Thielen,34,CAR,WR,10,10,62,48,615,12.8,5,28,58.1,40,4.8,61.5,77.4,9.9,0,,ThieAd00
James Conner,29,ARI,RB,16,16,55,47,414,8.8,1,17,56.4,44,2.9,25.9,85.5,7.5,4,,ConnJa00
Stefon Diggs,31,HOU,WR,8,8,64,47,496,10.6,3,31,51.6,49,5.9,62,73.4,7.8,0,,DiggSt00
Evan Engram,30,JAX,TE,9,9,64,47,365,7.8,1,17,45.3,24,5.2,40.6,73.4,5.7,1,,EngrEv00
Bucky Irving,22,TAM,RB,17,3,52,47,392,8.3,0,16,65.4,42,2.8,23.1,90.4,7.5,2,AP ORoY-6,IrviBu00
Cole Kmet,25,CHI,TE,17,16,55,47,474,10.1,4,25,70.9,31,2.8,27.9,85.5,8.6,0,,KmetCo00
Kyle Pitts,24,ATL,TE,17,15,74,47,602,12.8,4,21,41.9,52,2.8,35.4,63.5,8.1,0,,PittKy00
Tre Tucker,23,LVR,WR,17,14,81,47,539,11.5,3,24,43.2,58,2.8,31.7,58,6.7,0,,TuckTr00
Michael Wilson,24,ARI,WR,16,13,71,47,548,11.7,4,27,56.3,41,2.9,34.3,66.2,7.7,1,,WilsMi02
Romeo Doubs,24,GNB,WR,13,12,72,46,601,13.1,4,33,59.7,39,3.5,46.2,63.9,8.3,0,,DoubRo00
Kenneth Walker III,24,SEA,RB,11,11,53,46,299,6.5,1,19,54.7,21,4.2,27.2,86.8,5.6,1,,WalkKe00
Rashod Bateman,25,BAL,WR,17,14,72,45,756,16.8,9,35,52.8,59,2.6,44.5,62.5,10.5,0,,BateRa00
Austin Hooper,30,NWE,TE,17,8,59,45,476,10.6,3,25,62.7,38,2.6,28,76.3,8.1,2,,HoopAu00
Olamide Zaccheaus,27,WAS,WR,17,6,64,45,506,11.2,3,26,51.6,49,2.6,29.8,70.3,7.9,3,,ZaccOl01
Dalton Kincaid,25,BUF,TE,13,9,75,44,448,10.2,2,23,53.3,29,3.4,34.5,58.7,6,1,,KincDa00
Amari Cooper,30,2TM,WR,14,10,85,44,547,12.4,4,25,42.4,30,3.1,39.1,51.8,6.4,0,,CoopAm00
Kayshon Boutte,22,NWE,WR,15,13,68,43,589,13.7,3,25,55.9,48,2.9,39.3,63.2,8.7,0,,BoutKa00
Chuba Hubbard,25,CAR,RB,15,15,54,43,171,4,1,10,31.5,20,2.9,11.4,79.6,3.2,4,,HubbCh01
Tutu Atwell,25,LAR,WR,17,5,62,42,562,13.4,0,29,59.7,50,2.5,33.1,67.7,9.1,0,,AtweTu00
Zach Charbonnet,23,SEA,RB,17,6,52,42,340,8.1,1,6,40.4,32,2.5,20,80.8,6.5,0,,CharZa00
Dallas Goedert,29,PHI,TE,10,10,52,42,496,11.8,2,20,55.8,61,4.2,49.6,80.8,9.5,2,,GoedDa00
Justice Hill,27,BAL,RB,15,0,51,42,383,9.1,3,17,49,27,2.8,25.5,82.4,7.5,0,,HillJu00
Isaiah Likely,24,BAL,TE,16,9,58,42,477,11.4,6,26,60.3,49,2.6,29.8,72.4,8.2,1,,LikeIs00
D'Andre Swift,25,CHI,RB,17,17,52,42,386,9.2,0,12,51.9,42,2.5,22.7,80.8,7.4,2,,SwifDA00
T.J. Hockenson,27,MIN,TE,10,9,62,41,455,11.1,0,30,54.8,34,4.1,45.5,66.1,7.3,0,AP CPoY-19,HockTJ00
Tony Pollard,27,TEN,RB,16,16,57,41,238,5.8,0,9,29.8,30,2.6,14.9,71.9,4.2,2,,PollTo00
Devaughn Vele,27,DEN,WR,13,7,55,41,475,11.6,3,26,63.6,37,3.2,36.5,74.5,8.6,0,,VeleDe00
Ameer Abdullah,31,LVR,RB,16,3,47,40,261,6.5,3,16,59.6,24,2.5,16.3,85.1,5.6,2,,AbduAm00
Jordan Akins,32,CLE,TE,17,6,58,40,390,9.8,2,20,51.7,21,2.4,22.9,69,6.7,1,,AkinJo00
Noah Gray,25,KAN,TE,17,10,49,40,437,10.9,5,25,67.3,35,2.4,25.7,81.6,8.9,0,,GrayNo00
Brenton Strange,24,JAX,TE,17,10,53,40,411,10.3,2,21,66,30,2.4,24.2,75.5,7.8,1,,StraBr00
Tyler Boyd,30,TEN,WR,16,8,57,39,390,10,0,20,49.1,40,2.4,24.4,68.4,6.8,0,,BoydTy00
Rico Dowdle,26,DAL,RB,16,15,49,39,249,6.4,3,13,53.1,22,2.4,15.6,79.6,5.1,3,,DowdRi01
Travis Etienne,25,JAX,RB,15,15,52,39,254,6.5,0,13,38.5,26,2.6,16.9,75,4.9,1,,EtieTr00
Marvin Mims,22,DEN,WR,17,2,52,39,503,12.9,6,14,48.1,93,2.3,29.6,75,9.7,1,PBAP-1,MimsMa00
Josh Palmer,25,LAC,WR,15,7,65,39,584,15,1,28,53.8,45,2.6,38.9,60,9,0,,PalmJo00
Darius Slayton,27,NYG,WR,16,13,71,39,573,14.7,2,30,50.7,43,2.4,35.8,54.9,8.1,1,,SlayDa01
Dontayvion Wicks,23,GNB,WR,17,5,76,39,415,10.6,5,25,39.5,36,2.3,24.4,51.3,5.5,0,,WickDo00
Tyrone Tracy Jr.,25,NYG,RB,17,12,53,38,284,7.5,1,13,47.2,19,2.2,16.7,71.7,5.4,5,,TracTy00
Jaylen Warren,26,PIT,RB,15,0,47,38,310,8.2,0,16,46.8,29,2.5,20.7,80.9,6.6,2,,WarrJa01
Greg Dortch,26,ARI,WR,17,4,50,37,342,9.2,3,16,50,39,2.2,20.1,74,6.8,3,,DortGr01
Jerome Ford,25,CLE,RB,14,6,43,37,225,6.1,0,10,37.2,26,2.6,16.1,86,5.2,0,,FordJe00
Allen Lazard,29,NYJ,WR,12,10,60,37,530,14.3,6,29,58.3,52,3.1,44.2,61.7,8.8,0,,LazaAl00
Jalen McMillan,23,TAM,WR,13,12,58,37,461,12.5,8,23,55.2,33,2.8,35.5,63.8,7.9,0,,McMiJa01
Alec Pierce,24,IND,WR,16,13,69,37,824,22.3,7,32,52.2,65,2.3,51.5,53.6,11.9,0,,PierAl00
Calvin Austin III,25,PIT,WR,17,8,58,36,548,15.2,4,18,53.4,55,2.1,32.2,62.1,9.4,1,,AustCa00
Najee Harris,26,PIT,RB,17,17,48,36,283,7.9,0,13,45.8,32,2.1,16.6,75,5.9,0,,HarrNa00
Andrei Iosivas,25,CIN,WR,17,8,61,36,479,13.3,6,26,55.7,39,2.1,28.2,59,7.9,0,,IosiAn00
Josh Jacobs,26,GNB,RB,17,17,43,36,342,9.5,1,15,53.5,49,2.1,20.1,83.7,8,4,PBAP OPoY-11,JacoJo01
Alexander Mattison,26,LVR,RB,14,7,48,36,294,8.2,1,13,35.4,31,2.6,21,75,6.1,1,,MattAl01
Joe Mixon,28,HOU,RB,14,14,52,36,309,8.6,1,12,53.8,37,2.6,22.1,69.2,5.9,0,PB,MixoJo00
David Montgomery,27,DET,RB,14,14,38,36,341,9.5,0,16,73.7,40,2.6,24.4,94.7,9,2,,MontDa01
Noah Brown,28,WAS,WR,11,9,56,35,453,12.9,1,21,57.1,52,3.2,41.2,62.5,8.1,0,,BrowNo00
Austin Ekeler,29,WAS,RB,12,6,41,35,366,10.5,0,14,53.7,34,2.9,30.5,85.4,8.9,3,AP-2,EkelAu00
Kyren Williams,24,LAR,RB,16,16,40,34,182,5.4,2,6,45,26,2.1,11.4,85,4.6,5,AP OPoY-11,WillKy02
Saquon Barkley,27,PHI,RB,16,16,43,33,278,8.4,2,12,44.2,43,2.1,17.4,76.7,6.5,2,PBAP-1AP MVP-3AP OPoY-1AP CPoY-14,BarkSa00
Tim Patrick,31,DET,WR,16,9,44,33,394,11.9,3,20,56.8,42,2.1,24.6,75,9,0,AP CPoY-6,PatrTi00
Ja'Tavion Sanders,21,CAR,TE,16,8,43,33,342,10.4,1,13,51.2,46,2.1,21.4,76.7,8,1,,SandJa01
Rhamondre Stevenson,26,NWE,RB,15,14,41,33,168,5.1,1,8,39,16,2.2,11.2,80.5,4.1,7,,StevRh00
Diontae Johnson,28,3TM,WR,12,8,67,33,375,11.4,3,21,37.3,39,2.8,31.3,49.3,5.6,0,,JohnDi01
Jalen Coker,23,CAR,WR,11,4,46,32,478,14.9,2,23,58.7,83,2.9,43.5,69.6,10.4,0,,CokeJa01
James Cook,25,BUF,RB,16,16,38,32,258,8.1,2,14,50,28,2,16.1,84.2,6.8,1,PB,CookJa01
J.K. Dobbins,26,LAC,RB,13,11,38,32,153,4.8,0,6,26.3,15,2.5,11.8,84.2,4,0,AP CPoY-2,DobbJK00
David Moore,29,CAR,WR,17,5,57,32,351,11,3,18,49.1,21,1.9,20.6,56.1,6.2,0,,MoorDa03
Foster Moreau,27,NOR,TE,17,17,43,32,413,12.9,5,21,60.5,41,1.9,24.3,74.4,9.6,0,,MoreFo00
Chris Olave,24,NOR,WR,8,8,44,32,400,12.5,1,22,65.9,39,4,50,72.7,9.1,1,,OlavCh00
Sterling Shepard,31,TAM,WR,14,5,51,32,334,10.4,1,16,49,30,2.3,23.9,62.7,6.5,0,,ShepSt00
Parker Washington,22,JAX,WR,17,7,51,32,390,12.2,3,19,52.9,30,1.9,22.9,62.7,7.6,2,,WashPa01
Nick Westbrook-Ikhine,27,TEN,WR,17,9,60,32,497,15.5,9,25,46.7,98,1.9,29.2,53.3,8.3,0,,WestNi00
Mack Hollins,31,BUF,WR,17,13,50,31,378,12.2,5,25,58,44,1.8,22.2,62,7.6,0,,HollMa00
Lil'Jordan Humphrey,26,DEN,WR,17,7,45,31,293,9.5,1,12,46.7,41,1.8,17.2,68.9,6.5,2,,HumpLi01
Ricky Pearsall,24,SFO,WR,11,4,46,31,400,12.9,3,19,56.5,46,2.8,36.4,67.4,8.7,0,,PearRi00
Demarcus Robinson,30,LAR,WR,17,17,64,31,505,16.3,7,27,46.9,46,1.8,29.7,48.4,7.9,0,,RobiDe01
Curtis Samuel,28,BUF,WR,14,2,46,31,253,8.2,1,9,37,38,2.2,18.1,67.4,5.5,0,,SamuCu00
KaVontae Turpin,28,DAL,WR,17,2,52,31,420,13.5,2,18,48.1,64,1.8,24.7,59.6,8.1,3,PBAP-1,TurpKa00
AJ Barner,22,SEA,TE,17,6,38,30,245,8.2,4,18,63.2,20,1.8,14.4,78.9,6.4,0,,BarnAJ00
Dyami Brown,25,WAS,WR,16,3,40,30,308,10.3,1,13,47.5,51,1.9,19.3,75,7.7,1,,BrowDy00
Colby Parkinson,25,LAR,TE,17,9,49,30,294,9.8,1,15,53.1,23,1.8,17.3,61.2,6,0,,ParkCo02
Tyjae Spears,23,TEN,RB,12,1,35,30,224,7.5,1,9,40,43,2.5,18.7,85.7,6.4,1,,SpeaTy00
Keon Coleman,21,BUF,WR,13,12,57,29,556,19.2,4,22,43.9,64,2.2,42.8,50.9,9.8,0,,ColeKe02
Theo Johnson,23,NYG,TE,12,11,43,29,331,11.4,1,16,51.2,35,2.4,27.6,67.4,7.7,0,,JohnTh00
Cedric Tillman,24,CLE,WR,11,6,49,29,339,11.7,3,15,49,38,2.6,30.8,59.2,6.9,1,,TillCe01
Christian Watson,25,GNB,WR,15,15,53,29,620,21.4,2,21,47.2,60,1.9,41.3,54.7,11.7,1,,WatsCh00
Kendrick Bourne,29,NWE,WR,12,9,38,28,305,10.9,1,13,55.3,37,2.3,25.4,73.7,8,0,,BourKe00
Troy Franklin,21,DEN,WR,16,6,53,28,263,9.4,2,11,35.8,30,1.8,16.4,52.8,5,0,,FranTr00
Jalen Nailor,25,MIN,WR,17,7,42,28,414,14.8,6,22,59.5,33,1.6,24.4,66.7,9.9,1,,NailJa00
Samaje Perine,29,KAN,RB,17,0,35,28,322,11.5,1,15,51.4,36,1.6,18.9,80,9.2,0,,PeriSa00
Josh Whyle,25,TEN,TE,17,4,37,28,248,8.9,1,14,51.4,33,1.6,14.6,75.7,6.7,0,,WhylJo01
Christian Kirk,28,JAX,WR,8,7,47,27,379,14,1,18,48.9,61,3.4,47.4,57.4,8.1,0,,KirkCh01
Luke Schoonmaker,26,DAL,TE,17,6,36,27,241,8.9,1,11,55.6,24,1.6,14.2,75,6.7,0,,SchoLu00
Brandin Cooks,31,DAL,WR,10,9,54,26,259,10,3,19,44.4,29,2.6,25.9,48.1,4.8,0,,CookBr00
Tyler Johnson,26,LAR,WR,15,2,41,26,291,11.2,1,10,43.9,63,1.7,19.4,63.4,7.1,0,,JohnTy00
Malik Washington,23,MIA,WR,14,3,36,26,223,8.6,0,13,55.6,20,1.9,15.9,72.2,6.2,1,,WashMa00
Brandon Aiyuk,26,SFO,WR,7,7,47,25,374,15,0,19,48.9,53,3.6,53.4,53.2,8,0,,AiyuBr00
Grant Calcaterra,26,PHI,TE,17,13,30,24,298,12.4,1,15,63.3,34,1.4,17.5,80,9.9,0,,CalcGr00
Van Jefferson,28,PIT,WR,17,12,40,24,276,11.5,2,12,47.5,43,1.4,16.2,60,6.9,0,,JeffVa00
Jaleel McLaughlin,24,DEN,RB,16,5,27,24,76,3.2,2,3,33.3,11,1.5,4.8,88.9,2.8,1,,McLaJa00
John Metchie,24,HOU,WR,13,3,37,24,254,10.6,1,11,48.6,28,1.8,19.5,64.9,6.9,1,,MetcJo00
Rashee Rice,24,KAN,WR,4,4,29,24,288,12,2,15,65.5,44,6,72,82.8,9.9,0,,RiceRa01
Miles Sanders,27,CAR,RB,11,2,30,24,148,6.2,1,5,23.3,33,2.2,13.5,80,4.9,1,,SandMi01
Antonio Gibson,26,NWE,RB,17,3,29,23,206,9,0,11,51.7,50,1.4,12.1,79.3,7.1,2,,GibsAn00
Taysom Hill,34,NOR,TE,8,8,31,23,187,8.1,0,8,48.4,34,2.9,23.4,74.2,6,1,,HillTa00
Kareem Hunt,29,KAN,RB,13,8,32,23,176,7.7,0,10,53.1,26,1.8,13.5,71.9,5.5,0,,HuntKa00
Adonai Mitchell,22,IND,WR,17,7,55,23,312,13.6,0,16,36.4,36,1.4,18.4,41.8,5.7,2,,MitcAd00
Zack Moss,27,CIN,RB,8,6,27,23,187,8.1,1,11,63,21,2.9,23.4,85.2,6.9,2,,MossZa00
Tommy Tremble,24,CAR,TE,12,11,32,23,234,10.2,2,12,50,38,1.9,19.5,71.9,7.3,1,,TremTo00
Dawson Knox,28,BUF,TE,16,13,33,22,311,14.1,1,12,63.6,39,1.4,19.4,66.7,9.4,0,,KnoxDa00
Josh Oliver,27,MIN,TE,15,12,28,22,258,11.7,3,14,67.9,28,1.5,17.2,78.6,9.2,0,,OlivJo00
Justin Watson,28,KAN,WR,17,7,32,22,289,13.1,2,13,56.3,49,1.3,17,68.8,9,0,,WatsJu01
Jordan Whittington,24,LAR,WR,15,3,28,22,293,13.3,0,14,75,50,1.5,19.5,78.6,10.5,0,,WhitJo04
Michael Mayer,23,LVR,TE,11,8,32,21,156,7.4,0,8,53.1,29,1.9,14.2,65.6,4.9,0,,MayeMi00
Devin Singletary,27,NYG,RB,15,5,24,21,119,5.7,0,4,45.8,23,1.4,7.9,87.5,5,2,,SingDe00
Mike Williams,30,2TM,WR,18,5,34,21,298,14.2,1,14,50,32,1.2,16.6,61.8,8.8,0,,WillMi07
Erick All,24,CIN,TE,9,6,22,20,158,7.9,0,8,63.6,28,2.2,17.6,90.9,7.2,0,,AllxEr00
Gabriel Davis,25,JAX,WR,10,9,42,20,239,12,2,13,40.5,22,2,23.9,47.6,5.7,1,,DaviGa01
Elijah Higgins,24,ARI,TE,17,6,24,20,172,8.6,2,10,70.8,23,1.2,10.1,83.3,7.2,0,,HiggEl00
Brian Robinson Jr.,25,WAS,RB,14,13,25,20,159,8,0,4,44,32,1.4,11.4,80,6.4,2,,RobiBr01
Drew Sample,28,CIN,TE,17,15,22,20,109,5.5,1,8,63.6,12,1.2,6.4,90.9,5,1,,SampDr00
Rashid Shaheed,26,NOR,WR,6,5,41,20,349,17.5,3,12,41.5,70,3.3,58.2,48.8,8.5,1,,ShahRa00
Cedrick Wilson Jr.,29,NOR,WR,15,4,27,20,211,10.6,1,8,48.1,25,1.3,14.1,74.1,7.8,1,,WilsCe01
Robert Woods,32,HOU,WR,15,4,30,20,203,10.2,0,12,50,32,1.3,13.5,66.7,6.8,3,,WoodRo02
Braelon Allen,20,NYJ,RB,17,2,27,19,148,7.8,1,8,51.9,15,1.1,8.7,70.4,5.5,0,,AlleBr05
Jahan Dotson,24,PHI,WR,17,6,33,19,216,11.4,0,12,48.5,36,1.1,12.7,57.6,6.5,0,,DotsJa00
Derrick Henry,30,BAL,RB,17,17,22,19,193,10.2,2,11,68.2,27,1.1,11.4,86.4,8.8,3,PBAP-2AP OPoY-4,HenrDe00
Tanner Hudson,30,CIN,TE,11,0,23,19,154,8.1,1,9,65.2,19,1.7,14,82.6,6.7,1,,HudsTa00
Kyle Juszczyk,33,SFO,FB,17,15,31,19,200,10.5,2,8,48.4,36,1.1,11.8,61.3,6.5,1,PBAP-2,JuszKy00
Lucas Krull,26,DEN,TE,13,2,23,19,152,8,0,7,47.8,23,1.5,11.7,82.6,6.6,0,,KrulLu00
Raheem Mostert,32,MIA,RB,13,1,23,19,161,8.5,0,10,52.2,25,1.5,12.4,82.6,7,2,,MostRa00
Johnny Mundt,30,MIN,TE,17,3,27,19,142,7.5,2,8,44.4,20,1.1,8.4,70.4,5.3,0,,MundJo00
Dare Ogunbowale,30,HOU,RB,17,1,28,19,198,10.4,1,8,35.7,31,1.1,11.6,67.9,7.1,0,,OgunDa00
Darnell Washington,23,PIT,TE,17,9,25,19,200,10.5,1,9,68,29,1.1,11.8,76,8,0,,WashDa03
Marquez Valdes-Scantling,30,2TM,WR,14,8,44,19,411,21.6,4,14,36.4,71,1.4,29.4,43.2,9.3,0,,ValdMa00
Ty Johnson,27,BUF,RB,17,1,25,18,284,15.8,3,14,60,41,1.1,16.7,72,11.4,0,,JohnTy02
Luke McCaffrey,23,WAS,WR,17,4,24,18,168,9.3,0,8,50,30,1.1,9.9,75,7,0,,McCaLu00
Jeremy Ruckert,24,NYJ,TE,17,9,28,18,105,5.8,0,6,42.9,12,1.1,6.2,64.3,3.8,0,,RuckJe00
JuJu Smith-Schuster,28,KAN,WR,14,8,26,18,231,12.8,2,11,53.8,50,1.3,16.5,69.2,8.9,0,,SmitJu00
Jonathan Taylor,25,IND,RB,14,13,31,18,136,7.6,1,7,32.3,25,1.3,9.7,58.1,4.4,4,PBAP CPoY-19,TaylJo02
Ray Davis,25,BUF,RB,17,0,19,17,189,11.1,3,8,63.2,63,1,11.1,89.5,9.9,0,,DaviRa04
Kalif Raymond,30,DET,WR,12,2,22,17,215,12.6,2,10,59.1,38,1.4,17.9,77.3,9.8,0,AP-2,RaymKa00
Nick Vannett,31,TEN,TE,17,10,20,17,135,7.9,3,7,75,24,1,7.9,85,6.8,0,,VannNi00
Jonathan Mingo,23,2TM,WR,17,6,42,17,167,9.8,0,6,28.6,35,1,9.8,40.5,4,1,,MingJo00
Emari Demercado,25,ARI,RB,13,0,20,16,104,6.5,0,3,35,24,1.2,8,80,5.2,0,,DemeEm00
Kenneth Gainwell,25,PHI,RB,17,1,22,16,116,7.3,0,5,40.9,16,0.9,6.8,72.7,5.3,0,,GainKe00
Roschon Johnson,23,CHI,RB,14,0,20,16,104,6.5,0,6,40,17,1.1,7.4,80,5.2,0,,JohnRo07
Trey Sermon,25,IND,RB,17,3,19,16,99,6.2,0,3,31.6,14,0.9,5.8,84.2,5.2,0,,SermTr00
Stone Smartt,26,LAC,TE,15,2,19,16,208,13,0,11,68.4,31,1.1,13.9,84.2,10.9,1,,SmarSt00
DJ Turner,27,LVR,WR,12,6,29,16,158,9.9,1,9,37.9,30,1.3,13.2,55.2,5.4,1,,TurnDJ00
Isaac Guerendo,24,SFO,RB,16,3,16,15,152,10.1,0,7,56.3,40,0.9,9.5,93.8,9.5,3,,GuerIs00
Christian McCaffrey,28,SFO,RB,4,4,19,15,146,9.7,0,6,52.6,30,3.8,36.5,78.9,7.7,1,,McCaCh01
Cade Stover,24,HOU,TE,15,9,22,15,133,8.9,1,5,40.9,27,1,8.9,68.2,6,0,,StovCa00
Nate Adkins,25,DEN,TE,17,10,15,14,115,8.2,3,6,73.3,16,0.8,6.8,93.3,7.7,0,,AdkiNa00
Nelson Agholor,31,BAL,WR,14,7,29,14,231,16.5,2,10,37.9,56,1,16.5,48.3,8,0,,AghoNe00
Daniel Bellinger,24,NYG,TE,17,8,17,14,125,8.9,0,8,64.7,17,0.8,7.4,82.4,7.4,0,,BellDa00
Kylen Granson,26,IND,TE,17,6,31,14,182,13,0,8,38.7,40,0.8,10.7,45.2,5.9,0,,GranKy00
Pierre Strong,26,CLE,RB,14,0,22,14,104,7.4,0,3,22.7,21,1,7.4,63.6,4.7,0,,StroPi00
Mason Tipton,24,NOR,WR,11,1,26,14,99,7.1,0,2,26.9,15,1.3,9,53.8,3.8,0,,TiptMa00
Cam Akers,25,2TM,RB,17,2,18,14,68,4.9,3,4,33.3,9,0.8,4,77.8,3.8,1,AP CPoY-19,AkerCa00
Tyler Allgeier,24,ATL,RB,17,0,13,13,88,6.8,0,2,46.2,13,0.8,5.2,100,6.8,0,,AllgTy00
Jake Bobo,26,SEA,WR,17,3,17,13,107,8.2,1,8,58.8,15,0.8,6.3,76.5,6.3,0,,BoboJa00
Derius Davis,24,LAC,WR,15,2,17,13,112,8.6,2,5,52.9,23,0.9,7.5,76.5,6.6,3,,DaviDe02
Adam Trautman,27,DEN,TE,17,14,22,13,188,14.5,2,8,40.9,37,0.8,11.1,59.1,8.5,0,,TrauAd00
Brock Wright,26,DET,TE,17,8,16,13,100,7.7,2,7,68.8,16,0.8,5.9,81.3,6.3,0,,WrigBr01
Josh Reynolds,29,2TM,WR,9,2,24,13,194,14.9,1,8,45.8,49,1.4,21.6,54.2,8.1,0,,ReynJo00
Mo Alie-Cox,31,IND,TE,17,13,22,12,147,12.3,1,7,54.5,22,0.7,8.6,54.5,6.7,0,,AlieMo00
Jalen Brooks,24,DAL,WR,14,1,30,12,177,14.8,1,8,33.3,41,0.9,12.6,40,5.9,0,,BrooJa03
Ezekiel Elliott,29,DAL,RB,15,2,15,12,69,5.8,0,3,46.7,15,0.8,4.6,80,4.6,1,,ElliEz00
Luke Farrell,27,JAX,TE,17,8,17,12,67,5.6,0,4,52.9,11,0.7,3.9,70.6,3.9,0,,FarrLu00
Mecole Hardman,26,KAN,WR,12,0,14,12,90,7.5,0,6,57.1,17,1,7.5,85.7,6.4,0,,HardMe00
Julian Hill,24,MIA,TE,16,11,19,12,100,8.3,0,5,52.6,17,0.8,6.3,63.2,5.3,1,,HillJu02
Xavier Hutchinson,24,HOU,WR,16,3,26,12,117,9.8,0,6,34.6,19,0.8,7.3,46.2,4.5,0,,HutcXa00
D'Ernest Johnson,28,JAX,RB,14,1,19,12,96,8,0,3,26.3,26,0.9,6.9,63.2,5.1,0,,JohnDE04
Hunter Luepke,24,DAL,RB,16,4,16,12,111,9.3,0,5,50,24,0.8,6.9,75,6.9,0,,LuepHu00
Ryan Miller,24,TAM,WR,11,3,20,12,128,10.7,2,7,45,39,1.1,11.6,60,6.4,0,,MillRy01
Jordan Mims,25,NOR,RB,11,0,18,12,71,5.9,0,4,22.2,25,1.1,6.5,66.7,3.9,0,,MimsJo00
Isiah Pacheco,25,KAN,RB,7,6,16,12,79,6.6,0,4,37.5,23,1.7,11.3,75,4.9,0,,PachIs00
Trey Palmer,23,TAM,WR,15,3,22,12,172,14.3,1,7,40.9,27,0.8,11.5,54.5,7.8,1,,PalmTr00
Cordarrelle Patterson,33,PIT,RB,13,1,14,12,80,6.7,1,5,50,20,0.9,6.2,85.7,5.7,1,,PattCo00
Dante Pettis,29,NOR,WR,8,0,28,12,120,10,1,8,35.7,20,1.5,15,42.9,4.3,0,,PettDa00
Ja'Lynn Polk,22,NWE,WR,15,7,33,12,87,7.3,2,4,24.2,21,0.8,5.8,36.4,2.6,0,,PolkJa00
Kevin Austin,24,NOR,WR,8,2,22,11,151,13.7,0,10,45.5,23,1.4,18.9,50,6.9,1,,AustKe00
Chris Brooks,24,GNB,RB,15,0,13,11,69,6.3,0,2,46.2,15,0.7,4.6,84.6,5.3,0,,BrooCh00
Michael Carter,25,ARI,RB,3,1,11,11,57,5.2,0,2,63.6,18,3.7,19,100,5.2,0,,CartMi03
Payne Durham,24,TAM,TE,16,6,14,11,115,10.5,2,5,71.4,31,0.7,7.2,78.6,8.2,1,,DurhPa00
Devin Duvernay,27,JAX,WR,13,1,16,11,79,7.2,0,7,50,28,0.8,6.1,68.8,4.9,1,,DuveDe00
Tyler Goodson,24,IND,RB,16,0,15,11,61,5.5,1,3,33.3,24,0.7,3.8,73.3,4.1,0,,GoodTy00
Alec Ingold,28,MIA,FB,15,10,12,11,96,8.7,0,3,66.7,25,0.7,6.4,91.7,8,2,,IngoAl01
Jordan Mason,25,SFO,RB,12,6,14,11,91,8.3,0,5,64.3,24,0.9,7.6,78.6,6.5,3,,MasoJo00
Eric Saubert,30,SFO,TE,17,3,14,11,97,8.8,1,5,57.1,17,0.6,5.7,78.6,6.9,1,,SaubEr00
Tylan Wallace,25,BAL,WR,17,0,12,11,193,17.5,1,5,66.7,84,0.6,11.4,91.7,16.1,1,,WallTy00
Emanuel Wilson,25,GNB,RB,17,0,14,11,48,4.4,1,3,21.4,30,0.6,2.8,78.6,3.4,0,,WilsEm00
Michael Burton,32,DEN,FB,17,2,10,10,65,6.5,1,3,60,28,0.6,3.8,100,6.5,0,,BurtMi00
Ryan Flournoy,25,DAL,WR,11,1,14,10,102,10.2,0,5,57.1,26,0.9,9.3,71.4,7.3,1,,FlouRy00
Eric Gray,25,NYG,RB,17,0,11,10,82,8.2,0,3,54.5,19,0.6,4.8,90.9,7.5,3,,GrayEr01
Jamycal Hasty,28,NWE,RB,15,0,12,10,59,5.9,1,2,41.7,16,0.7,3.9,83.3,4.9,0,,HastJa02
Malik Heath,24,GNB,WR,13,1,13,10,97,9.7,2,5,69.2,41,0.8,7.5,76.9,7.5,0,,HeatMa00
Khalil Herbert,26,2TM,RB,14,1,11,10,25,2.5,0,0,27.3,7,0.7,1.8,90.9,2.3,1,,HerbKh00
Odell Beckham Jr.,32,MIA,WR,9,0,18,9,55,6.1,0,3,27.8,11,1,6.1,50,3.1,0,,BeckOd00
Marquise Brown,27,KAN,WR,2,1,15,9,91,10.1,0,5,40,20,4.5,45.5,60,6.1,0,,BrowMa04
Harrison Bryant,26,LVR,TE,13,3,12,9,86,9.6,0,5,66.7,18,0.7,6.6,75,7.2,0,,BryaHa00
DeAndre Carter,31,CHI,WR,13,0,14,9,72,8,0,3,35.7,14,0.7,5.5,64.3,5.1,1,,CartDe02
Jamison Crowder,31,WAS,WR,6,1,13,9,72,8,2,4,38.5,12,1.5,12,69.2,5.5,2,,CrowJa00
Isaiah Davis,22,NYJ,RB,17,0,12,9,75,8.3,1,4,41.7,24,0.5,4.4,75,6.3,0,,DaviIs00
Rakim Jarrett,23,TAM,WR,10,2,11,9,124,13.8,0,5,72.7,30,0.9,12.4,81.8,11.3,0,,JarrRa00
Charlie Kolar,25,BAL,TE,13,3,11,9,131,14.6,1,4,72.7,55,0.7,10.1,81.8,11.9,0,,KolaCh00
Jeremy McNichols,29,WAS,RB,17,1,12,9,27,3,0,1,25,10,0.5,1.6,75,2.3,0,,McNiJe00
Bub Means,23,NOR,WR,7,1,15,9,118,13.1,1,7,53.3,36,1.3,16.9,60,7.9,0,,MeanBu00
Andrew Ogletree,26,IND,TE,17,6,14,9,109,12.1,1,6,42.9,22,0.5,6.4,64.3,7.8,0,,OgleAn00
Durham Smythe,29,MIA,TE,17,4,17,9,53,5.9,0,1,35.3,8,0.5,3.1,52.9,3.1,0,,SmytDu00
Brevyn Spann-Ford,25,DAL,TE,17,0,14,9,88,9.8,0,6,57.1,18,0.5,5.2,64.3,6.3,0,,SpanBr00
Sean Tucker,23,TAM,RB,17,0,12,9,109,12.1,1,6,75,36,0.5,6.4,75,9.1,1,,TuckSe00
Jamaal Williams,29,NOR,RB,14,1,11,9,57,6.3,0,3,54.5,13,0.6,4.1,81.8,5.2,0,,WillJa06
John Bates,27,WAS,TE,17,6,13,8,84,10.5,0,3,53.8,20,0.5,4.9,61.5,6.5,1,,BateJo00
Pharaoh Brown,30,SEA,TE,15,7,12,8,65,8.1,0,2,41.7,17,0.5,4.3,66.7,5.4,1,,BrowPh01
Gerald Everett,30,CHI,TE,17,4,13,8,36,4.5,0,1,23.1,17,0.5,2.1,61.5,2.8,0,,EverGe00
Tyler Higbee,31,LAR,TE,3,3,12,8,66,8.3,2,5,58.3,17,2.7,22,66.7,5.5,0,,HigbTy00
Hayden Hurst,31,LAC,TE,9,2,13,8,73,9.1,0,2,38.5,27,0.9,8.1,61.5,5.6,0,,HursHa00
Jalin Hyatt,23,NYG,WR,16,3,19,8,62,7.8,0,3,31.6,19,0.5,3.9,42.1,3.3,0,,HyatJa00
Zay Jones,29,ARI,WR,11,2,11,8,84,10.5,0,5,63.6,25,0.7,7.6,72.7,7.6,0,,JoneZa00
Bo Melton,25,GNB,WR,17,0,17,8,91,11.4,0,5,41.2,28,0.5,5.4,47.1,5.4,0,,MeltBo00
Trent Sherfield,28,MIN,WR,17,1,9,8,83,10.4,1,4,88.9,17,0.5,4.9,88.9,9.2,0,,SherTr00
Tank Bigsby,23,JAX,RB,16,1,12,7,54,7.7,0,1,25,28,0.4,3.4,58.3,4.5,4,,BigsTa00
Blake Corum,24,LAR,RB,17,1,8,7,58,8.3,0,5,87.5,12,0.4,3.4,87.5,7.3,0,,CoruBl00
Britain Covey,27,PHI,WR,5,1,8,7,34,4.9,0,2,37.5,11,1.4,6.8,87.5,4.3,0,,CoveBr00
River Cracraft,30,MIA,WR,8,0,9,7,66,9.4,0,4,55.6,16,0.9,8.3,77.8,7.3,0,,CracRi00
Tucker Fisk,25,LAC,TE,9,5,8,7,39,5.6,0,1,62.5,10,0.8,4.3,87.5,4.9,0,,FiskTu00
KhaDarel Hodge,29,ATL,WR,17,2,12,7,131,18.7,1,6,50,45,0.4,7.7,58.3,10.9,0,PB,HodgKh00
Hunter Long,26,LAR,TE,17,2,9,7,60,8.6,0,2,77.8,18,0.4,3.5,77.8,6.7,0,,LongHu00
Luke Musgrave,24,GNB,TE,7,3,10,7,45,6.4,0,2,30,19,1,6.4,70,4.5,0,,MusgLu00
K.J. Osborn,27,NWE,WR,7,4,18,7,57,8.1,1,2,27.8,22,1,8.1,38.9,3.2,0,,OsboKJ00
Brandon Powell,29,MIN,WR,17,1,10,7,71,10.1,0,5,50,13,0.4,4.2,70,7.1,1,,PoweBr00
Jalen Reagor,25,LAC,WR,8,2,12,7,100,14.3,0,3,33.3,41,0.9,12.5,58.3,8.3,1,,ReagJa00
Ainias Smith,23,PHI,WR,7,1,9,7,41,5.9,1,1,33.3,15,1,5.9,77.8,4.6,0,,SmitAi00
Carson Steele,22,KAN,RB,17,3,11,7,26,3.7,0,0,18.2,9,0.4,1.5,63.6,2.4,3,,SteeCa00
Charlie Woerner,27,ATL,TE,16,5,12,7,46,6.6,0,3,33.3,13,0.4,2.9,58.3,3.8,0,,WoerCh00
Michael Woods II,24,CLE,WR,5,2,17,7,65,9.3,0,4,29.4,16,1.4,13,41.2,3.8,0,,WoodMi00
Davis Allen,23,LAR,TE,15,5,13,6,39,6.5,0,2,38.5,13,0.4,2.6,46.2,3,0,,AlleDa02
Trey Benson,21,ARI,RB,13,1,6,6,59,9.8,0,3,100,19,0.5,4.5,100,9.8,1,,BensTr01
Parris Campbell,27,PHI,WR,5,0,8,6,30,5,1,1,50,7,1.2,6,75,3.8,0,,CampPa00
Ty Chandler,26,MIN,RB,17,0,6,6,42,7,0,2,66.7,10,0.4,2.5,100,7,0,,ChanTy01
Chris Conley,32,SFO,WR,15,2,12,6,76,12.7,0,3,50,23,0.4,5.1,50,6.3,0,,ConlCh00
Simi Fehoko,27,LAC,WR,8,2,16,6,106,17.7,0,6,37.5,30,0.8,13.3,37.5,6.6,0,,FehoSi00
D'Onta Foreman,28,CLE,RB,11,3,8,6,54,9,0,1,37.5,16,0.5,4.9,75,6.8,2,,ForeDO00
Xavier Gipson,23,NYJ,WR,17,0,10,6,39,6.5,1,3,30,17,0.4,2.3,60,3.9,4,,GipsXa00
Connor Heyward,25,PIT,TE,17,5,8,6,40,6.7,1,3,62.5,16,0.4,2.4,75,5,0,,HeywCo00
Sincere McCormick,24,LVR,RB,5,2,7,6,29,4.8,0,2,42.9,15,1.2,5.8,85.7,4.1,0,,McCoSi00
Bryce Oliver,24,TEN,WR,10,1,9,6,95,15.8,0,4,66.7,33,0.6,9.5,66.7,10.6,0,,OlivBr02
MyCole Pruitt,32,PIT,TE,12,5,10,6,40,6.7,1,2,40,18,0.5,3.3,60,4,0,,PruiMy00
Tip Reiman,23,ARI,TE,17,9,7,6,37,6.2,0,1,57.1,14,0.4,2.2,85.7,5.3,0,,ReimTi00
Zamir White,25,LVR,RB,8,5,8,6,30,5,0,2,25,14,0.8,3.8,75,3.8,2,,WhitZa01
Blake Whiteheart,24,CLE,TE,11,2,9,6,51,8.5,1,2,55.6,29,0.5,4.6,66.7,5.7,0,,WhitBl01
Nick Chubb,29,CLE,RB,8,8,11,5,31,6.2,1,3,27.3,19,0.6,3.9,45.5,2.8,1,AP CPoY-8,ChubNi00
Devin Culp,24,TAM,TE,5,0,6,5,88,17.6,0,4,66.7,26,1,17.6,83.3,14.7,0,,CulpDe00
Greg Dulcich,24,DEN,TE,4,3,12,5,28,5.6,0,0,8.3,9,1.3,7,41.7,2.3,0,,DulcGr00
Audric Estime,21,DEN,RB,13,1,5,5,27,5.4,0,2,40,13,0.4,2.1,100,5.4,2,,EstiAu00
Cam Grandy,24,CIN,TE,8,6,5,5,28,5.6,0,1,60,9,0.6,3.5,100,5.6,0,,GranCa00
C.J. Ham,31,MIN,FB,17,3,6,5,35,7,0,1,33.3,13,0.3,2.1,83.3,5.8,1,,HamxC.00
Peyton Hendershot,25,KAN,TE,7,1,5,5,51,10.2,0,2,80,15,0.7,7.3,100,10.2,0,,HendPe01
Kendre Miller,22,NOR,RB,6,2,8,5,33,6.6,0,2,37.5,16,0.8,5.5,62.5,4.1,0,,MillKe01
Scott Miller,27,PIT,WR,13,1,9,5,69,13.8,0,2,55.6,21,0.4,5.3,55.6,7.7,0,,MillSc01
Quintin Morris,25,BUF,TE,16,3,8,5,36,7.2,1,3,50,14,0.3,2.3,62.5,4.5,0,,MorrQu00
Ronnie Rivers,25,LAR,RB,17,0,6,5,34,6.8,0,1,50,14,0.3,2,83.3,5.7,0,,RiveRo01
Laviska Shenault Jr.,26,SEA,WR,11,1,5,5,36,7.2,0,2,60,18,0.5,3.3,100,7.2,2,,ShenLa00
Ben Sinnott,22,WAS,TE,17,2,5,5,28,5.6,1,2,40,12,0.3,1.6,100,5.6,0,,SinnBe00
Ben Skowronek,27,PIT,WR,10,1,5,5,69,13.8,0,4,80,23,0.5,6.9,100,13.8,0,,SkowBe00
Kimani Vidal,23,LAC,RB,10,0,9,5,62,12.4,1,2,33.3,38,0.5,6.2,55.6,6.9,1,,VidaKi00
Johnny Wilson,23,PHI,WR,16,4,15,5,38,7.6,1,3,26.7,9,0.3,2.4,33.3,2.5,0,,WilsJo03
Kenny Yeboah,26,NYJ,TE,9,1,8,5,47,9.4,1,3,62.5,13,0.6,5.2,62.5,5.9,0,,YeboKe00
Treylon Burks,24,TEN,WR,5,2,8,4,34,8.5,0,3,37.5,13,0.8,6.8,50,4.3,0,,BurkTr00
Jermaine Burton,23,CIN,WR,14,1,14,4,107,26.8,0,4,28.6,47,0.3,7.6,28.6,7.6,0,,BurtJe01
DJ Chark,28,LAC,WR,7,0,10,4,31,7.8,1,1,30,12,0.6,4.4,40,3.1,0,,CharDJ00
Jacob Cowing,23,SFO,WR,15,0,6,4,80,20,0,3,66.7,41,0.3,5.3,66.7,13.3,2,,CowiJa00
Will Mallory,25,IND,TE,10,0,8,4,29,7.3,0,1,12.5,10,0.4,2.9,50,3.6,0,,MallWi00
Scott Matlock,24,LAC,DL,17,11,5,4,28,7,0,1,60,10,0.2,1.6,80,5.6,0,,MatlSc00
Will Shipley,22,PHI,RB,16,1,4,4,35,8.8,0,2,75,13,0.3,2.2,100,8.8,0,,ShipWi00
Ben Sims,24,GNB,TE,17,5,5,4,42,10.5,0,1,60,28,0.2,2.5,80,8.4,0,,SimsBe00
Deven Thompkins,25,CAR,WR,7,0,4,4,20,5,0,2,50,12,0.6,2.9,100,5,0,,ThomDe07
Tyquan Thornton,24,NWE,WR,6,1,8,4,47,11.8,0,2,37.5,17,0.7,7.8,50,5.9,0,,ThorTy00
Alex Bachman,28,LVR,WR,6,1,3,3,31,10.3,0,2,66.7,18,0.5,5.2,100,10.3,0,,BachAl00
Tyler Badie,24,DEN,RB,3,0,3,3,-2,-0.7,0,0,0,2,1,-0.7,100,-0.7,1,,BadiTy00
David Bell,24,CLE,WR,1,0,3,3,27,9,0,1,33.3,12,3,27,100,9,0,,BellDa02
Jonathon Brooks,21,CAR,RB,3,1,3,3,23,7.7,0,2,66.7,18,1,7.7,100,7.7,0,,BrooJo02
Dan Chisena,27,CAR,WR,6,0,4,3,37,12.3,0,2,75,23,0.5,6.2,75,9.3,0,,ChisDa00
Tanner Conner,26,MIA,TE,8,1,4,3,16,5.3,0,1,50,11,0.4,2,75,4,0,,ConnTa00
Malachi Corley,22,NYJ,WR,9,1,6,3,16,5.3,0,1,33.3,10,0.3,1.8,50,2.7,1,,CorlMa00
DeeJay Dallas,26,ARI,RB,17,0,3,3,11,3.7,1,1,33.3,5,0.2,0.6,100,3.7,1,,DallDe00
Josiah Deguara,27,JAX,TE,15,0,3,3,14,4.7,0,0,0,8,0.2,0.9,100,4.7,0,,DeguJo00
Gus Edwards,29,LAC,RB,11,6,5,3,6,2,0,0,0,3,0.3,0.5,60,1.2,0,,EdwaGu00
Clyde Edwards-Helaire,25,NOR,RB,2,0,5,3,24,8,0,1,20,14,1.5,12,60,4.8,0,,EdwaCl00
D'Wayne Eskridge,27,MIA,WR,6,0,3,3,44,14.7,0,2,66.7,30,0.5,7.3,100,14.7,0,,EskrDW00
Hassan Haskins,25,LAC,RB,17,0,3,3,49,16.3,1,2,100,34,0.2,2.9,100,16.3,1,,HaskHa00
Dallin Holker,24,NOR,TE,12,2,4,3,21,7,0,1,25,10,0.3,1.8,75,5.3,0,,HolkDa00
Travis Homer,26,CHI,RB,10,0,3,3,11,3.7,0,0,33.3,6,0.3,1.1,100,3.7,0,,HomeTr00
Trenton Irwin,29,CIN,WR,7,2,10,3,15,5,0,1,30,6,0.4,2.1,30,1.5,0,,IrwiTr00
Tim Jones,26,JAX,WR,17,0,5,3,41,13.7,0,3,60,20,0.2,2.4,60,8.2,0,,JoneTi00
Chris Manhertz,32,NYG,TE,17,11,4,3,30,10,1,2,75,16,0.2,1.8,75,7.5,0,,ManhCh00
Terrace Marshall Jr.,24,LVR,WR,7,1,6,3,41,13.7,0,1,50,28,0.4,5.9,50,6.8,0,,MarsTe00
Kenny McIntosh,24,SEA,RB,17,0,4,3,22,7.3,0,1,50,15,0.2,1.3,75,5.5,0,,McInKe00
James Proche,28,CLE,WR,9,0,3,3,21,7,0,1,66.7,14,0.3,2.3,100,7,1,,ProcJa00
Craig Reynolds,28,DET,RB,17,0,5,3,40,13.3,0,2,60,26,0.2,2.4,60,8,1,,ReynCr00
Patrick Ricard,30,BAL,FB,17,6,5,3,22,7.3,1,1,60,14,0.2,1.3,60,4.4,0,PBAP-1,RicaPa00
Allen Robinson,31,DET,WR,12,0,7,3,30,10,0,3,42.9,21,0.3,2.5,42.9,4.3,0,,RobiAl02
Patrick Taylor,26,SFO,RB,13,1,11,3,25,8.3,0,2,18.2,12,0.2,1.9,27.3,2.3,0,,TaylPa01
Ian Thomas,28,CAR,TE,5,2,6,3,7,2.3,0,1,16.7,3,0.6,1.4,50,1.2,0,,ThomIa00
Jamari Thrash,24,CLE,WR,9,0,7,3,22,7.3,0,2,28.6,11,0.3,2.4,42.9,3.1,0,,ThraJa01
Sione Vaki,23,DET,RB,16,0,3,3,37,12.3,0,2,100,17,0.2,2.3,100,12.3,0,,VakiSi00
Deuce Vaughn,23,DAL,RB,7,0,5,3,18,6,0,0,20,8,0.4,2.6,60,3.6,0,,VaugDe00
Jeff Wilson,29,MIA,RB,9,0,3,3,19,6.3,0,0,100,7,0.3,2.1,100,6.3,0,,WilsJe01
Jaylen Wright,21,MIA,RB,15,1,6,3,8,2.7,0,1,16.7,6,0.2,0.5,50,1.3,1,,WrigJa04
Jaheim Bell,23,NWE,TE,15,0,3,2,20,10,0,1,33.3,19,0.1,1.3,66.7,6.7,0,,BellJa00
Ronnie Bell,24,SFO,WR,9,0,6,2,22,11,0,2,33.3,12,0.2,2.4,33.3,3.7,0,,BellRo01
Julius Chestnut,24,TEN,RB,17,0,3,2,11,5.5,0,0,33.3,9,0.1,0.6,66.7,3.7,0,,ChesJu00
Grant Dubose,23,MIA,WR,3,0,4,2,11,5.5,0,1,25,13,0.7,3.7,50,2.8,0,,DuboGr00
Ashton Dulin,27,IND,WR,15,2,8,2,67,33.5,1,2,25,54,0.1,4.5,25,8.4,0,,DuliAs00
Isaiah Hodgins,26,NYG,WR,3,0,2,2,12,6,0,0,100,7,0.7,4,100,6,0,,HodgIs00
Brevin Jordan,24,HOU,TE,2,1,3,2,7,3.5,0,1,33.3,4,1,3.5,66.7,2.3,0,,JordBr00
Mason Kinsey,26,TEN,WR,6,0,2,2,17,8.5,0,1,100,11,0.3,2.8,100,8.5,0,,KinsMa00
Dameon Pierce,24,HOU,RB,11,0,4,2,2,1,0,0,0,1,0.2,0.2,50,0.5,1,,PierDa01
Nikko Remigio,25,KAN,WR,5,1,6,2,48,24,0,2,33.3,25,0.4,9.6,33.3,8,1,,RemiNi00
Xavier Smith,27,LAR,WR,15,0,2,2,6,3,0,1,50,11,0.1,0.4,100,3,0,,SmitXa00
Jack Stoll,26,PHI,TE,7,2,3,2,10,5,0,0,33.3,6,0.3,1.4,66.7,3.3,0,,StolJa00
J.J. Taylor,26,HOU,RB,5,0,3,2,0,0,0,0,0,,0.4,0,66.7,0,0,,TaylJJ01
Eric Tomlinson,32,LAC,TE,9,1,4,2,9,4.5,0,0,0,7,0.2,1,50,2.3,0,,TomlEr01
Austin Trammell,26,JAX,WR,1,0,3,2,40,20,0,2,66.7,22,2,40,66.7,13.3,1,,TramAu00
Cody White,26,SEA,WR,4,0,3,2,44,22,0,2,66.7,28,0.5,11,66.7,14.7,0,,WhitCo05
Kristian Wilkerson,27,LVR,WR,3,0,3,2,18,9,1,2,66.7,9,0.7,6,66.7,6,0,,WilkKr00
Isaiah Williams,23,DET,WR,2,0,3,2,6,3,0,0,0,4,1,3,66.7,2,0,,WillIs03
Javon Baker,22,NWE,WR,11,1,4,1,12,12,0,1,25,12,0.1,1.1,25,3,0,,BakeJa00
Chris Blair,27,ATL,WR,4,0,2,1,17,17,0,1,50,17,0.3,4.3,50,8.5,0,,BlaiCh00
Mike Boone,29,CAR,RB,6,0,3,1,-2,-2,0,0,0,,0.2,-0.3,33.3,-0.7,0,,BoonMi00
Mike Caliendo,27,KAN,OL,17,3,1,1,5,5,0,1,100,5,0.1,0.3,100,5,0,,CaliMi00
Robbie Chosen,31,MIA,WR,2,0,4,1,5,5,0,0,0,5,0.5,2.5,25,1.3,0,,AndeRo04
Chris Collier,24,LVR,RB,3,0,2,1,-4,-4,0,0,0,-4,0.3,-1.3,50,-2,0,,CollCh01
Dalvin Cook,29,DAL,RB,2,0,1,1,10,10,0,1,100,10,0.5,5,100,10,0,,CookDa01
Jaelon Darden,25,CLE,WR,7,1,1,1,6,6,0,1,100,6,0.1,0.9,100,6,0,,DardJa00
Zach Davidson,26,BUF,TE,2,0,2,1,5,5,0,0,50,5,0.5,2.5,50,2.5,0,,DaviZa00
Divine Deablo,26,LVR,LB,14,14,1,1,34,34,0,1,100,34,0.1,2.4,100,34,0,,DeabDi00
Ross Dwelley,29,ATL,TE,17,0,1,1,5,5,0,0,100,5,0.1,0.3,100,5,0,,DwelRo00
John FitzPatrick,24,GNB,TE,9,0,1,1,2,2,0,0,0,2,0.1,0.2,100,2,0,,FitzJo00
Jody Fortson,29,KAN,TE,3,0,3,1,5,5,0,1,33.3,5,0.3,1.7,33.3,1.7,0,,FortJo01
Feleipe Franks,27,CAR,TE,16,0,3,1,12,12,0,1,33.3,12,0.1,0.8,33.3,4,0,,FranFe00
Myles Gaskin,27,MIN,RB,5,0,1,1,11,11,0,0,100,11,0.2,2.2,100,11,0,,GaskMy00
Jared Goff,30,DET,QB,17,17,1,1,7,7,1,1,100,7,0.1,0.4,100,7,6,PBAP MVP-5AP OPoY-9,GoffJa00
Anthony Gould,23,IND,WR,8,0,1,1,23,23,0,1,100,23,0.1,2.9,100,23,0,,GoulAn00
George Holani,25,SEA,RB,5,0,1,1,-1,-1,0,0,0,-1,0.2,-0.2,100,-1,0,,HolaGe00
Sam Hubbard,29,CIN,DE,14,14,1,1,2,2,1,1,100,2,0.1,0.1,100,2,0,,HubbSa00
Jha'Quan Jackson,24,TEN,WR,12,0,3,1,8,8,0,1,33.3,8,0.1,0.7,33.3,2.7,5,,JackJh00
Jermar Jefferson,24,DET,RB,2,0,1,1,10,10,0,1,100,10,0.5,5,100,10,0,,JeffJe00
E.J. Jenkins,26,PHI,TE,8,0,2,1,7,7,1,1,50,7,0.1,0.9,50,3.5,0,,JenkEJ00
Brandon Johnson,26,PIT,WR,3,0,1,1,9,9,0,0,100,9,0.3,3,100,9,0,,JohnBr23
Collin Johnson,27,CHI,WR,9,0,2,1,6,6,0,1,50,6,0.1,0.7,50,3,0,,JohnCo01
Charlie Jones,26,CIN,WR,8,0,1,1,5,5,0,0,100,5,0.1,0.6,100,5,2,,JoneCh11
Marcus Jones,26,NWE,CB,14,9,1,1,18,18,0,1,100,18,0.1,1.3,100,18,2,,JoneMa06
Velus Jones Jr.,27,2TM,WR,3,0,1,1,8,8,0,0,100,8,0.3,2.7,100,8,1,,JoneVe00
Ramel Keyton,24,LVR,WR,8,0,3,1,7,7,0,1,33.3,7,0.1,0.9,33.3,2.3,0,,KeytRa00
Jacob Kibodi,26,CLE,RB,1,0,3,1,15,15,0,1,33.3,15,1,15,33.3,5,0,,KiboJa00
JC Latham,21,TEN,OT,17,17,1,1,0,0,0,0,0,,0.1,0,100,0,0,,LathJC00
Marcedes Lewis,40,CHI,TE,17,4,2,1,2,2,0,1,50,2,0.1,0.1,50,1,0,,LewiMa00
MarShawn Lloyd,23,GNB,RB,1,0,1,1,3,3,0,0,0,3,1,3,100,3,0,,LloyMa00
Vederian Lowe,25,NWE,T,14,13,1,1,4,4,1,1,100,4,0.1,0.3,100,4,0,,LoweVe00
Patrick Mahomes,29,KAN,QB,16,16,1,1,2,2,0,0,0,2,0.1,0.1,100,2,2,AP MVP-6AP OPoY-17,MahoPa00
Tay Martin,27,TEN,WR,1,0,2,1,49,49,1,1,50,49,1,49,50,24.5,0,,MartTa00
David Martin-Robinson,25,TEN,TE,5,2,2,1,6,6,0,1,50,6,0.2,1.2,50,3,0,,MartDa01
Anthony Miller,30,BAL,WR,2,0,1,1,16,16,0,1,100,16,0.5,8,100,16,0,,MillAn02
Keaton Mitchell,22,BAL,RB,5,0,1,1,28,28,0,1,100,28,0.2,5.6,100,28,0,,MitcKe01
Wanya Morris,24,KAN,OL,17,11,1,1,1,1,1,1,100,1,0.1,0.1,100,1,0,,MorrWa01
Bo Nix,24,DEN,QB,17,17,1,1,2,2,1,1,100,2,0.1,0.1,100,2,3,AP ORoY-3,NixxBo00
Kendric Pryor,26,CIN,WR,1,0,1,1,9,9,0,0,100,9,1,9,100,9,0,,PryoKe00
Anthony Richardson,22,IND,QB,11,11,1,1,-1,-1,0,0,0,-1,0.1,-0.1,100,-1,9,AP CPoY-25,RichAn03
Chris Rodriguez,24,WAS,RB,9,0,1,1,12,12,0,1,100,12,0.1,1.3,100,12,0,,RodrCh00
John Ross,29,PHI,WR,1,0,2,1,6,6,0,1,50,6,1,6,50,3,0,,RossJo00
Cody Schrader,25,LAR,RB,1,0,1,1,6,6,0,0,100,6,1,6,100,6,0,,SchrCo00
Trenton Scott,30,WAS,T,17,1,1,1,1,1,1,1,100,1,0.1,0.1,100,1,0,,ScotTr01
Tyler Scott,23,CHI,WR,11,0,1,1,5,5,0,0,0,5,0.1,0.5,100,5,0,,ScotTy00
Tyrell Shavers,25,BUF,WR,3,0,1,1,69,69,1,1,100,69,0.3,23,100,69,0,,ShavTy00
John Samuel Shenker,26,LVR,TE,8,0,1,1,7,7,0,0,100,7,0.1,0.9,100,7,0,,ShenJo00
Dan Skipper,30,DET,T,17,5,1,1,9,9,1,1,100,9,0.1,0.5,100,9,0,,SkipDa00
Tyler Smith,23,DAL,OL,16,16,1,1,0,0,0,0,0,,0.1,0,100,0,0,PB,SmitTy02
Geoff Swaim,31,CLE,TE,8,2,1,1,7,7,0,0,100,7,0.1,0.9,100,7,0,,SwaiGe00
Trent Taylor,30,SFO,WR,2,0,1,1,11,11,0,0,100,11,0.5,5.5,100,11,0,,TaylTr02
Juanyeh Thomas,24,DAL,S,13,0,1,1,4,4,0,0,0,4,0.1,0.3,100,4,0,,ThomJu03
Brycen Tremayne,25,WAS,WR,2,0,1,1,-2,-2,0,0,0,-2,0.5,-1,100,-2,0,,TremBr00
Ben VanSumeren,24,PHI,LB,11,1,1,1,0,0,0,0,0,,0.1,0,100,0,0,,VanSBe00
Devontez Walker,23,BAL,WR,9,0,3,1,21,21,1,1,33.3,21,0.1,2.3,33.3,7,0,,WalkDe01
Casey Washington,23,ATL,WR,8,0,2,1,14,14,0,1,50,14,0.1,1.8,50,7,0,,WashCa01
Blake Watson,25,DEN,RB,2,0,2,1,13,13,0,0,50,13,0.5,6.5,50,6.5,0,,WatsBl00
Jared Wiley,24,KAN,TE,7,2,1,1,7,7,0,0,0,7,0.1,1,100,7,0,,WileJa00
Shane Zylstra,28,DET,TE,12,1,1,1,22,22,0,1,100,22,0.1,1.8,100,22,0,,ZylsSh00
Rasheen Ali,23,BAL,RB,6,0,2,0,0,,0,0,0,,0,0,0,0,0,,AlixRa00
Brandon Allen,32,SFO,QB,3,1,0,0,0,,0,0,,,0,0,,,2,,AlleBr00
Josh Allen,28,BUF,QB,17,17,0,0,7,,1,0,,7,0,0.4,,,5,PBAP-2AP MVP-1AP OPoY-6,AlleJo02
Tyson Bagent,24,CHI,QB,4,0,0,0,0,,0,0,,,0,0,,,0,,BageTy00
Jake Bailey,27,MIA,P,17,0,0,0,0,,0,0,,,0,0,,,1,,BailJa00
Brenden Bates,25,CLE,TE,2,0,1,0,0,,0,0,0,,0,0,0,0,0,,BateBr00
Andrew Beck,28,2TM,FB,4,0,2,0,0,,0,0,0,,0,0,0,0,0,,BeckAn01
Dane Belton,24,NYG,S,17,6,0,0,0,,0,0,,,0,0,,,0,,BeltDa00
Braxton Berrios,29,MIA,WR,6,0,4,0,0,,0,0,0,,0,0,0,0,0,,BerrBr00
Raheem Blackshear,25,CAR,RB,16,1,0,0,0,,0,0,,,0,0,,,2,,BlacRa00
Tim Boyle,30,2TM,QB,3,0,0,0,0,,0,0,,,0,0,,,0,,BoylTi00
Jake Brendel,32,SFO,OL,17,17,0,0,2,,0,0,,2,0,0.1,,,1,,BrenJa01
Jacoby Brissett,32,NWE,QB,8,5,0,0,0,,0,0,,,0,0,,,4,,BrisJa00
British Brooks,25,HOU,RB,5,0,0,0,0,,0,0,,,0,0,,,0,,BrooBr01
Jake Browning,28,CIN,QB,3,0,0,0,0,,0,0,,,0,0,,,0,,BrowJa08
Joe Burrow,28,CIN,QB,17,17,0,0,0,,0,0,,,0,0,,,11,PBAP MVP-4AP OPoY-5AP CPoY-1,BurrJo01
Derek Carr,33,NOR,QB,10,10,0,0,0,,0,0,,,0,0,,,3,,CarrDe02
Irvin Charles,27,NYJ,WR,13,0,1,0,0,,0,0,0,,0,0,0,0,0,,CharIr00
Kirk Cousins,36,ATL,QB,14,14,0,0,0,,0,0,,,0,0,,,13,AP CPoY-11,CousKi00
Baylor Cupp,24,KAN,TE,1,0,1,0,0,,0,0,0,,0,0,0,0,0,,CuppBa00
Andy Dalton,37,CAR,QB,6,5,0,0,0,,0,0,,,0,0,,,2,,DaltAn00
Jayden Daniels,24,WAS,QB,17,17,0,0,0,,0,0,,,0,0,,,5,PBAP MVP-7AP OPoY-17AP ORoY-1,DaniJa02
Sam Darnold,27,MIN,QB,17,17,0,0,0,,0,0,,,0,0,,,8,PBAP MVP-10AP CPoY-3,DarnSa00
Ashtyn Davis,28,NYJ,S,15,1,0,0,0,,0,0,,,0,0,,,0,,DaviAs00
Tyrion Davis-Price,24,PHI,RB,1,0,0,0,0,,0,0,,,0,0,,,0,,DaviTy03
Taylor Decker,31,DET,T,14,14,1,0,0,,0,0,0,,0,0,0,0,0,PB,DeckTa00
Tommy DeVito,26,NYG,QB,3,2,0,0,0,,0,0,,,0,0,,,0,,DeViTo00
Joshua Dobbs,29,SFO,QB,2,1,0,0,0,,0,0,,,0,0,,,2,,DobbJo00
Darrynton Evans,26,CHI,RB,5,0,0,0,0,,0,0,,,0,0,,,0,,EvanDa02
Erik Ezukanma,24,MIA,WR,2,0,2,0,0,,0,0,0,,0,0,0,0,0,,EzukEr00
Justin Fields,25,PIT,QB,10,6,0,0,0,,0,0,,,0,0,,,6,,FielJu00
Joe Flacco,39,IND,QB,8,6,0,0,0,,0,0,,,0,0,,,4,,FlacJo00
Sam Franklin,28,CAR,S,10,0,1,0,0,,0,0,0,,0,0,0,0,0,,FranSa00
Zach Frazier,23,PIT,C,15,15,0,0,-2,,0,0,,-2,0,-0.1,,,1,,FrazZa00
Jimmy Garoppolo,33,LAR,QB,1,1,0,0,0,,0,0,,,0,0,,,0,,GaroJi00
Reggie Gilliam,27,BUF,FB,15,0,0,0,0,,0,0,,,0,0,,,0,,GillRe00
C.J. Goodwin,34,DAL,CB,17,0,1,0,0,,0,0,0,,0,0,0,0,0,,GoodC.00
Jake Haener,25,NOR,QB,8,1,0,0,0,,0,0,,,0,0,,,0,,HaenJa00
Matthew Hayball,27,NOR,P,17,0,0,0,0,,0,0,,,0,0,,,0,,HaybMa00
Taylor Heinicke,31,LAC,QB,4,0,0,0,0,,0,0,,,0,0,,,0,,HeinTa00
Justin Herbert,26,LAC,QB,17,17,0,0,0,,0,0,,,0,0,,,6,AP MVP-8AP CPoY-13,HerbJu00
Jaden Hicks,22,KAN,DB,17,1,0,0,0,,0,0,,,0,0,,,0,,HickJa01
Hendon Hooker,26,DET,QB,3,0,0,0,0,,0,0,,,0,0,,,0,,HookHe00
Sam Howell,24,SEA,QB,2,0,0,0,0,,0,0,,,0,0,,,0,,HoweSa00
Tyler Huntley,26,MIA,QB,5,5,0,0,0,,0,0,,,0,0,,,6,,HuntTy01
Jalen Hurts,26,PHI,QB,15,15,0,0,0,,0,0,,,0,0,,,9,,HurtJa00
Jermaine Jackson,24,NOR,WR,4,0,0,0,0,,0,0,,,0,0,,,0,,JackJe01
Lamar Jackson,27,BAL,QB,17,17,0,0,0,,0,0,,,0,0,,,10,PBAP-1AP MVP-2AP OPoY-2,JackLa00
Terrell Jennings,23,NWE,RB,3,0,1,0,0,,0,0,0,,0,0,0,0,0,,JennTe00
Josh Johnson,38,BAL,QB,6,0,0,0,0,,0,0,,,0,0,,,0,,JohnJo05
Kameron Johnson,22,TAM,WR,5,0,1,0,0,,0,0,0,,0,0,0,0,0,,JohnKa01
Daniel Jones,27,NYG,QB,10,10,0,0,0,,0,0,,,0,0,,,4,,JoneDa05
Mac Jones,26,JAX,QB,10,7,0,0,0,,0,0,,,0,0,,,2,,JoneMa05
Tony Jones,27,ARI,RB,1,0,0,0,0,,0,0,,,0,0,,,0,,JoneTo04
Joshua Kelley,27,TEN,RB,3,0,0,0,0,,0,0,,,0,0,,,0,,KellJo01
Tom Kennedy,28,DET,WR,4,0,1,0,0,,0,0,0,,0,0,0,0,0,,KennTo01
Trey Lance,24,DAL,QB,4,1,0,0,0,,0,0,,,0,0,,,0,,LancTr00
Dylan Laube,25,LVR,RB,10,0,0,0,0,,0,0,,,0,0,,,1,,LaubDy00
Trevor Lawrence,25,JAX,QB,10,10,0,0,-5,,0,0,,-5,0,-0.5,,,3,,LawrTr00
Will Levis,25,TEN,QB,12,12,0,0,0,,0,0,,,0,0,,,10,,LeviWi00
Drew Lock,28,NYG,QB,8,5,0,0,0,,0,0,,,0,0,,,5,,LockDr00
Jordan Love,26,GNB,QB,15,15,0,0,0,,0,0,,,0,0,,,4,,LoveJo03
Julian Love,26,SEA,FS,17,17,0,0,0,,0,0,,,0,0,,,0,,LoveJu00
Marcus Mariota,31,WAS,QB,3,0,0,0,0,,0,0,,,0,0,,,0,,MariMa01
Jordan Matthews,32,CAR,TE,4,1,1,0,0,,0,0,0,,0,0,0,0,0,,MattJo00
Drake Maye,22,NWE,QB,13,12,0,0,0,,0,0,,,0,0,,,9,PBAP ORoY-7,MayeDr00
Baker Mayfield,29,TAM,QB,17,17,0,0,0,,0,0,,,0,0,,,13,PBAP MVP-11AP OPoY-11,MayfBa00
Tyreik McAllister,26,LVR,WR,3,0,0,0,0,,0,0,,,0,0,,,0,,McAlTy00
Jase McClellan,22,ATL,RB,2,0,0,0,0,,0,0,,,0,0,,,0,,McClJa05
Tanner McKee,24,PHI,QB,2,1,0,0,0,,0,0,,,0,0,,,0,,McKeTa01
Davis Mills,26,HOU,QB,4,0,0,0,0,,0,0,,,0,0,,,0,,MillDa02
Joe Milton,24,NWE,QB,1,0,0,0,0,,0,0,,,0,0,,,1,,MiltJo00
Gardner Minshew II,28,LVR,QB,10,9,0,0,0,,0,0,,,0,0,,,6,,MinsGa00
Skyy Moore,24,KAN,WR,6,0,3,0,0,,0,0,0,,0,0,0,0,0,,MoorSk01
Nick Mullens,29,MIN,QB,4,0,0,0,0,,0,0,,,0,0,,,0,,MullNi00
Kyler Murray,27,ARI,QB,17,17,0,0,0,,0,0,,,0,0,,,8,AP CPoY-10,MurrKy00
Aidan O'Connell,26,LVR,QB,9,7,0,0,0,,0,0,,,0,0,,,2,,OConAi00
Chris Oladokun,27,KAN,QB,1,0,0,0,0,,0,0,,,0,0,,,1,,OladCh00
Michael Penix,24,ATL,QB,5,3,0,0,0,,0,0,,,0,0,,,2,,PeniMi00
Dell Pettus,23,NWE,S,17,1,0,0,0,,0,0,,,0,0,,,0,,PettDe00
Kenny Pickett,26,PHI,QB,5,1,0,0,0,,0,0,,,0,0,,,1,,PickKe00
James Pierre,28,PIT,CB,15,2,1,0,0,,0,0,0,,0,0,0,0,0,,PierJa01
Adam Prentice,27,NOR,FB,17,7,4,0,0,,0,0,0,,0,0,0,0,0,,PrenAd00
Dak Prescott,31,DAL,QB,8,8,0,0,0,,0,0,,,0,0,,,4,,PresDa01
Dominick Puni,24,SFO,OL,17,17,0,0,-3,,0,0,,-3,0,-0.2,,,0,,PuniDo00
Brock Purdy,25,SFO,QB,15,15,0,0,0,,0,0,,,0,0,,,7,,PurdBr00
Spencer Rattler,24,NOR,QB,7,6,0,0,0,,0,0,,,0,0,,,5,,RattSp00
Jalen Reeves-Maybin,29,DET,LB,10,0,0,0,0,,0,0,,,0,0,,,0,,ReevJa00
Desmond Ridder,25,LVR,QB,6,1,0,0,0,,0,0,,,0,0,,,3,,RiddDe00
Aaron Rodgers,41,NYJ,QB,17,17,0,0,0,,0,0,,,0,0,,,5,AP CPoY-7,RodgAa00
Justyn Ross,25,KAN,WR,2,0,1,0,0,,0,0,0,,0,0,0,0,0,,RossJu00
Mason Rudolph,29,TEN,QB,8,5,0,0,0,,0,0,,,0,0,,,5,,RudoMa00
Cooper Rush,31,DAL,QB,12,8,0,0,0,,0,0,,,0,0,,,9,,RushCo00
JK Scott,29,LAC,P,17,0,0,0,0,,0,0,,,0,0,,,1,,ScotJK00
Aaron Shampklin,25,PIT,RB,3,0,0,0,0,,0,0,,,0,0,,,0,,ShamAa00
Steven Sims,27,HOU,WR,7,0,0,0,0,,0,0,,,0,0,,,2,,SimsSt00
Geno Smith,34,SEA,QB,17,17,0,0,0,,0,0,,,0,0,,,9,,SmitGe00
Matthew Stafford,36,LAR,QB,16,16,0,0,0,,0,0,,,0,0,,,6,,StafMa00
Jarrett Stidham,28,DEN,QB,3,0,0,0,0,,0,0,,,0,0,,,0,,StidJa00
C.J. Stroud,23,HOU,QB,17,17,1,0,0,,0,0,0,,0,0,0,0,6,,StroCJ00
Stephen Sullivan,28,CAR,TE,1,0,1,0,0,,0,0,0,,0,0,0,0,0,,SullSt00
Tua Tagovailoa,26,MIA,QB,11,11,0,0,0,,0,0,,,0,0,,,7,,TagoTu00
Tyrod Taylor,35,NYJ,QB,2,0,0,0,0,,0,0,,,0,0,,,1,,TaylTy00
Tavierre Thomas,28,TAM,CB,17,0,0,0,0,,0,0,,,0,0,,,0,,ThomTa01
Skylar Thompson,27,MIA,QB,3,1,0,0,0,,0,0,,,0,0,,,2,,ThomSk00
Dorian Thompson-Robinson,25,CLE,QB,7,2,0,0,0,,0,0,,,0,0,,,3,,ThomDo02
Kadarius Toney,25,CLE,WR,3,0,1,0,0,,0,0,0,,0,0,0,0,1,,ToneKa00
Kyle Trask,26,TAM,QB,4,0,0,0,0,,0,0,,,0,0,,,0,,TrasKy00
Mitchell Trubisky,30,BUF,QB,9,0,0,0,0,,0,0,,,0,0,,,1,,TrubMi00
Clayton Tune,25,ARI,QB,6,0,0,0,0,,0,0,,,0,0,,,1,,TuneCl00
Ke'Shawn Vaughn,27,SFO,RB,3,0,0,0,0,,0,0,,,0,0,,,0,,VaugKe00
Jonathan Ward,27,PIT,RB,4,0,0,0,0,,0,0,,,0,0,,,0,,WardJo00
Deshaun Watson,29,CLE,QB,7,7,0,0,0,,0,0,,,0,0,,,5,,WatsDe00
Xavier Weaver,24,ARI,WR,2,0,2,0,0,,0,0,0,,0,0,0,0,0,,WeavXa00
Carson Wentz,32,KAN,QB,3,1,0,0,0,,0,0,,,0,0,,,0,,WentCa00
Caleb Williams,23,CHI,QB,17,17,0,0,0,,0,0,,,0,0,,,10,AP ORoY-10,WillCa03
Brayden Willis,25,SFO,TE,10,0,2,0,0,,0,0,0,,0,0,0,0,0,,WillBr06
Malik Willis,25,GNB,QB,7,2,0,0,0,,0,0,,,0,0,,,1,,WillMa12
Russell Wilson,36,PIT,QB,11,11,0,0,0,,0,0,,,0,0,,,5,PBAP CPoY-14,WilsRu00
Jameis Winston,30,CLE,QB,12,7,0,0,0,,0,0,,,0,0,,,5,,WinsJa00
Tristan Wirfs,25,TAM,T,16,16,0,0,9,,0,0,,9,0,0.6,,,1,PBAP-1,WirfTr00
Bryce Young,23,CAR,QB,14,12,0,0,0,,0,0,,,0,0,,,5,,YounBr01
Dareke Young,25,SEA,WR,14,0,1,0,0,,0,0,0,,0,0,0,0,0,,YounDa02
Bailey Zappe,25,CLE,QB,1,1,0,0,0,,0,0,,,0,0,,,0,,ZappBa00